{
  "MAE": 0.3660412899233842,
  "RMSE": 0.5436152318117755
}