{
  "MAE": 0.3656861261144717,
  "RMSE": 0.5437971791734499
}